                  epoch,         train/box_loss,         train/cls_loss,         train/dfl_loss,   metrics/precision(B),      metrics/recall(B),       metrics/mAP50(B),    metrics/mAP50-95(B),           val/box_loss,           val/cls_loss,           val/dfl_loss,                 lr/pg0,                 lr/pg1,                 lr/pg2
                      1,                 1.4645,                 3.7319,                 1.5047,                0.00327,                0.98214,                0.42385,                0.20979,                 1.2808,                 3.7922,                 1.1905,                0.00024,                0.00024,                0.00024
                      2,                 1.4072,                 2.4837,                 1.3302,                0.00327,                0.98214,                0.11316,                0.04253,                 1.3674,                 3.9049,                 1.2711,             0.00047525,             0.00047525,             0.00047525
                      3,                 1.4282,                 2.0267,                 1.3346,                0.00321,                0.96429,                0.00704,                0.00366,                 1.3386,                 3.9217,                 1.2794,             0.00068476,             0.00068476,             0.00068476
                      4,                 1.4772,                 1.7906,                 1.2981,                 0.0031,                0.92857,                0.02825,                0.01275,                 1.5527,                 3.9952,                 1.4225,             0.00086853,             0.00086853,             0.00086853
                      5,                 1.4084,                 1.5819,                  1.269,                      1,                0.23738,                0.78026,                0.42689,                 1.5723,                 3.5509,                 1.4182,              0.0010266,              0.0010266,              0.0010266
